﻿id,indicador,descripcion
1001000001,Superficie continental,Periodo de observación de 2002 a 2005.
1002000001,Población total,Esta información se actualiza cada cinco años mediante los Censos y Conteos de población y vivienda.
1002000002,Población total hombres,Esta información se actualiza cada cinco años mediante los Censos y Conteos de población y vivienda.
1002000003,Población total mujeres,Esta información se actualiza cada cinco años mediante los Censos y Conteos de población y vivienda.
1002000004,Porcentaje de población de 15 a 29 años,Excluye a la población de edad no especificada.
1002000005,Porcentaje de hombres de 15 a 29 años,Excluye a la población de edad no especificada.
1002000006,Porcentaje de mujeres de 15 a 29 años,Excluye a la población de edad no especificada.
1002000007,Porcentaje de población de 60 y más años,Excluye a la población de edad no especificada.
1002000008,Porcentaje de hombres de 60 y más años,Excluye a la población de edad no especificada.
1002000009,Porcentaje de mujeres de 60 y más años,Excluye a la población de edad no especificada.
1002000010,Edad mediana,Cifras correspondientes a las siguientes fechas censales: 14 de febrero (2000); 17 de octubre (2005); y 12 de junio (2010).
1002000010,Edad mediana,"Se refiere a la edad expresada en años y que divide a la población en dos partes iguales, esto es, la edad hasta la cual se acumula el 50% de la población total. Para el cálculo se excluye la población con edad no especificada."
1002000011,Edad mediana hombres,"Se refiere a la edad expresada en años y que divide a la población en dos partes iguales, esto es, la edad hasta la cual se acumula el 50% de la población total. Para el cálculo se excluye la población con edad no especificada."
1002000012,Edad mediana mujeres,"Se refiere a la edad expresada en años y que divide a la población en dos partes iguales, esto es, la edad hasta la cual se acumula el 50% de la población total. Para el cálculo se excluye la población con edad no especificada."
1002000014,Población en hogares censales,El concepto Hogares censales aplica a partir de 2010.
1002000018,Hogares censales,El concepto Hogares censales aplica a partir de 2010.
1002000021,Tamaño promedio de los hogares censales,El concepto Hogares censales aplica a partir de 2010.
1002000024,Relación hombres-mujeres,Se interpreta como el número de hombres por cada cien mujeres.
1002000024,Relación hombres-mujeres,Cifras correspondientes a las siguientes fechas censales: 14 de febrero (2000); 17 de octubre (2005); y 12 de junio (2010).
1002000127,Relación de dependencia,Los porcentajes representan el número de personas en edades dependientes (0-14 y 65 y más años) por cada cien en edad económicamente productiva (15-64 años).
1003000001,Total de viviendas particulares habitadas,"Viviendas particulares habitadas de cualquier clase: casa independiente, departamento en edificio, vivienda o cuarto en vecindad, vivienda o cuarto de azotea, local no construido para habitación, vivienda móvil, refugios y clase no especificada.
Incluye a las viviendas particulares sin información de ocupantes."
1003000011,Viviendas particulares habitadas,"Excluye viviendas móviles, refugios y locales no construidos para habitación debido a que no se captaron características de estas clases de vivienda.
Excluye las viviendas sin información de ocupantes."
1003000017,Viviendas particulares habitadas que disponen de energía eléctrica,Excluye viviendas sin información de ocupantes.
1003000017,Viviendas particulares habitadas que disponen de energía eléctrica,Excluye viviendas que no especificaron si disponen del servicio.
1003000017,Viviendas particulares habitadas que disponen de energía eléctrica,"Excluye viviendas en locales no construidos para habitación, viviendas móviles y refugios."
1003000018,Viviendas particulares habitadas que disponen de agua de la red pública en el ámbito de la vivienda,Excluye viviendas sin información de ocupantes.
1003000018,Viviendas particulares habitadas que disponen de agua de la red pública en el ámbito de la vivienda,Excluye viviendas que no especificaron si disponen del servicio.
1003000018,Viviendas particulares habitadas que disponen de agua de la red pública en el ámbito de la vivienda,Comprende viviendas que disponen de agua de la red del servicio público dentro de la vivienda y fuera de ella pero dentro del terreno.
1003000018,Viviendas particulares habitadas que disponen de agua de la red pública en el ámbito de la vivienda,"Excluye viviendas en locales no construidos para habitación, viviendas móviles y refugios."
1003000019,Viviendas particulares habitadas que disponen de drenaje,"Excluye viviendas en locales no construidos para habitación, viviendas móviles y refugios."
1003000019,Viviendas particulares habitadas que disponen de drenaje,"Comprende: viviendas que disponen de drenaje conectado a la red pública, a fosa séptica, con desagüe a barranca o  grieta y con desagüe a río, lago o mar."
1003000019,Viviendas particulares habitadas que disponen de drenaje,Excluye viviendas que no especificaron si disponen del servicio.
1003000019,Viviendas particulares habitadas que disponen de drenaje,Excluye viviendas sin información de ocupantes.
1003000020,Viviendas particulares habitadas que disponen de excusado o sanitario,"Excluye viviendas en locales no construidos para habitación, viviendas móviles y refugios."
1003000020,Viviendas particulares habitadas que disponen de excusado o sanitario,Excluye viviendas que no especificaron si disponen del servicio.
1003000020,Viviendas particulares habitadas que disponen de excusado o sanitario,Excluye viviendas sin información de ocupantes.
1003000023,Viviendas particulares habitadas que disponen de lavadora,"Excluye viviendas en locales no construidos para habitación, viviendas móviles y refugios."
1003000023,Viviendas particulares habitadas que disponen de lavadora,Excluye viviendas sin información de ocupantes.
1003000024,Viviendas particulares habitadas que disponen de computadora,"Excluye viviendas en locales no construidos para habitación, viviendas móviles y refugios."
1003000024,Viviendas particulares habitadas que disponen de computadora,Excluye viviendas sin información de ocupantes.
1004000001,Población derechohabiente a servicios de salud,Cifras correspondientes a las siguientes fechas censales: 14 de febrero (2000); 17 de octubre (2005); y 12 de junio (2010).
1005000039,Población de 5 años y más hablante de lengua indígena,Personas de 5 años y más que hablan alguna lengua indígena.
1005000039,Población de 5 años y más hablante de lengua indígena,Para 2020: La información es censal y está referida al 15 de marzo 2020.
3104003001,Porcentaje de población inmigrante (migración reciente),Se refiere a la población que residía hace 5 años en una entidad distinta a la entidad de residencia actual. Se excluye a la población que residía hace 5 años en otro país y la no especificada en su lugar  de residencia.
3105001001,Densidad de población,Cociente de la población total entre la superficie territorial.
3105004001,Porcentaje de población en localidades de menos de 2 500 habitantes,Porcentaje calculado respecto al total de cada entidad federativa por año.
3114004001,Porcentaje de viviendas con piso de tierra,"A partir de 1950, en los censos se empieza a captar información respecto de las viviendas habitadas por medio de la boleta censal. En 1990, 1995 y 2000 la información corresponde al total de viviendas particulares habitadas."
3114006001,Porcentaje de viviendas con electricidad,"La información considera las viviendas particulares que cuentan con electricidad en la vivienda. A partir de 1950, en los censos se empieza a captar información respecto de las viviendas habitadas por medio de la boleta censal. En 1990, 1995 y 2000 la información corresponde al total de viviendas particulares habitadas."
6200108938,Porcentaje de viviendas con techos de materiales resistentes,"La información corresponde al total de viviendas particulares habitadas. Para 2000, excluye las viviendas del personal del Servicio Exterior Mexicano, refugios y viviendas sin información de ocupantes. Para 2010, excluye locales no construidos para habitación, viviendas móviles, refugios y viviendas sin información de ocupantes. Para 2000, se consideran materiales durables en los techos: losa de concreto, tabique, ladrillo o terrado con viguería; y para 2010, losa de concreto o viguetas con bovedilla. Cifras correspondientes a las siguientes fechas censales: 14 de febrero (2000); y 12 de junio (2010). Este indicador corresponde al porcentaje de viviendas con materiales durables en los techos que calcula el INEGI."
6200205257,Población de 5 años y más católica,Para 1990: La información está referida al 12 de marzo 1990.  Para 2000: La información está referida al 14 de febrero 2000. Para 2010: La información está referida al 12 de junio 2010. Para 2020: La información está referida al 15 de marzo 2020. Se refiere al grupo religioso católico.
6200205273,Población de 5 años y más con religión distinta de católica,"Para 1990: La información está referida al 12 de marzo 1990. Comprende: Protestante o evangélica, Judaica y Otras religiones. Para 2000: La información está referida al 14 de febrero 2000. Comprende: Protestantes y evangélicas, Bíblicas no evangélicas, Judaica y Otras religiones. Para 2010: La información está referida al 12 de junio 2010. Comprende: Ortodoxos, Protestantes históricas o reformadas, Pentecostales, Evangélicas, Cristianas, Bíblicas diferentes de evangélicas, Origen oriental, Judaica, Islámica, Raíces étnicas, Espiritualistas y Otras religiones. Para 2020: La información está referida al 15 de marzo 2020. Comprende: Católica ortodoxa, Protestante, Cristiano evangélico, Judía, Islámica, Origen oriental, New Age y Escuelas esotéricas, Raíces étnicas, Raíces afro, Espiritualista, Cultos Populares, Otros movimientos religiosos y Sin adscripción religiosa (creyente)."
6200205289,Población de 5 años y más sin religión,"Para 1990: La información está referida al 12 de marzo 1990.  Para 2000: La información está referida al 14 de febrero 2000. Para 2010: La información está referida al 12 de junio 2010. Para 2020: La información está referida al 15 de marzo 2020. Comprende: Ninguna religión, Ateos y Agnósticos."
6200240301,Población católica,"Los datos de este indicador corresponden a la Población total que declaró profesar la religión católica, excepto para los años de 1990 y 2000, los cuales corresponden a la Población de 5 años y más."
6200240304,Tasa de monolingüismo de la población de 5 años y más hablante de Tojolabal,"Personas, de cada cien, de 5 años y más que hablan tojolabal y que no hablan español."
6200240316,Tasa de monolingüismo de la población de 5 años y más hablante de Maya,"Personas, de cada cien, de 5 años y más que hablan maya y que no hablan español."
6200240319,Tasa de monolingüismo de la población de 5 años y más hablante de Mazateco,"Personas, de cada cien, de 5 años y más que hablan mazateco y que no hablan español."
6200240325,Tasa de monolingüismo de la población de 5 años y más hablante de Náhuatl,"Personas, de cada cien, de 5 años y más que hablan náhuatl y que no hablan español."
6200240364,Tasa de monolingüismo de la población de 5 años y más hablante de Chatino,"Personas, de cada cien, de 5 años y más que hablan chatino y que no hablan español."
6200240366,Tasa de monolingüismo de la población de 5 años y más hablante de Lenguas mixtecas,"Personas, de cada cien, de 5 años y más que hablan lenguas mixtecas y que no hablan español."
6200240381,Tasa de monolingüismo de la población de 5 años y más hablante de Tzotzil (Tsotsil),"Personas, de cada cien, de 5 años y más que hablan tzotzil (tsotsil) y que no hablan español."
6200240397,Tasa de monolingüismo de la población de 5 años y más hablante de Chol (Ch''ol),"Personas, de cada cien, de 5 años y más que hablan chol (ch’ol) y que no hablan español."
6200240398,Tasa de monolingüismo de la población de 5 años y más hablante de Totonaca (Totonaco),"Personas, de cada cien, de 5 años y más que hablan totonaca (totonaco) y que no hablan español."
6200240413,Tasa de monolingüismo de la población de 5 años y más hablante de Huasteco,"Personas, de cada cien, de 5 años y más que hablan huasteco y que no hablan español."
6200240424,Tasa de monolingüismo de la población de 5 años y más hablante de Mixe,"Personas, de cada cien, de 5 años y más que hablan mixe y que no hablan español."
6200240428,Tasa de monolingüismo de la población de 5 años y más hablante de Otomí,"Personas, de cada cien, de 5 años y más que hablan otomí y que no hablan español."
6200240432,Tasa de monolingüismo de la población de 5 años y más hablante de Zoque,"Personas, de cada cien, de 5 años y más que hablan zoque y que no hablan español."
6200240433,Tasa de monolingüismo de la población de 5 años y más hablante de Lenguas zapotecas,"Personas, de cada cien, de 5 años y más que hablan lenguas zapotecas y que no hablan español."
6200240449,Tasa de monolingüismo de la población de 5 años y más hablante de lengua indígena,"Personas, de cada cien, de 5 años y más que hablan una lengua indígena y que no hablan español."
6200240454,Tasa de monolingüismo de la población de 5 años y más hablante de Mazahua,"Personas, de cada cien, de 5 años y más que hablan mazahua y que no hablan español."
6200240493,Porcentaje de la población de 5 años y más hablante de lengua indígena,"Personas de cada cien, de 5 años y más que hablan lengua indígena."
6200240509,Tasa de monolingüismo de la población de 5 años y más hablante de Tarahumara,"Personas, de cada cien, de 5 años y más que hablan tarahumara y que no hablan español."
6200240522,Tasa de monolingüismo de la población de 5 años y más hablante de Purépecha (Tarasco),"Personas, de cada cien, de 5 años y más que hablan purépecha (tarasco) y que no hablan español."
6200240534,Tasa de monolingüismo de la población de 5 años y más hablante de Resto de lenguas,"Personas, de cada cien, de 5 años y más que hablan alguna lengua indígena diferente a las descritas individualmente y que no hablan español."
6200240536,Tasa de monolingüismo de la población de 5 años y más hablante de Tlapaneco,"Personas, de cada cien, de 5 años y más que hablan tlapaneco y que no hablan español."
6200240537,Tasa de monolingüismo de la población de 5 años y más hablante de Tzeltal (Tseltal),"Personas, de cada cien, de 5 años y más que hablan tzeltal (tseltal) y que no hablan español."
6200240539,Tasa de monolingüismo de la población de 5 años y más hablante de Lenguas chinantecas,"Personas, de cada cien, de 5 años y más que hablan lenguas chinantecas y que no hablan español."
6207019040,Porcentaje de la población femenina de 12 años y más económicamente activa,"El valor es el resultado de de dividir la Población femenina de 12 años y más económicamente activa, con respecto a la población económicamente activa total multiplicado por 100."
6207019043,Porcentaje de la población masculina de 12 años y más económicamente activa,"El valor es el resultado de de dividir la Población masculina de 12 años y más económicamente activa, con respecto a la población económicamente activa total multiplicado por 100."

